id,name,height,weight,base_experience,hp,attack,defense,special_attack,special_defense,speed,primary_type,secondary_type,num_abilities,abilities,power_score,strong
1,bulbasaur,7,69,64,45,49,49,65,65,45,grass,poison,2,"overgrow, chlorophyll",318,0
2,ivysaur,10,130,142,60,62,63,80,80,60,grass,poison,2,"overgrow, chlorophyll",405,0
3,venusaur,20,1000,236,80,82,83,100,100,80,grass,poison,2,"overgrow, chlorophyll",525,1
4,charmander,6,85,62,39,52,43,60,50,65,fire,,2,"blaze, solar-power",309,0
5,charmeleon,11,190,142,58,64,58,80,65,80,fire,,2,"blaze, solar-power",405,0
6,charizard,17,905,240,78,84,78,109,85,100,fire,flying,2,"blaze, solar-power",534,1
7,squirtle,5,90,63,44,48,65,50,64,43,water,,2,"torrent, rain-dish",314,0
8,wartortle,10,225,142,59,63,80,65,80,58,water,,2,"torrent, rain-dish",405,0
9,blastoise,16,855,239,79,83,100,85,105,78,water,,2,"torrent, rain-dish",530,1
10,caterpie,3,29,39,45,30,35,20,20,45,bug,,2,"shield-dust, run-away",195,0
11,metapod,7,99,72,50,20,55,25,25,30,bug,,1,shed-skin,205,0
12,butterfree,11,320,178,60,45,50,90,80,70,bug,flying,2,"compound-eyes, tinted-lens",395,0
13,weedle,3,32,39,40,35,30,20,20,50,bug,poison,2,"shield-dust, run-away",195,0
14,kakuna,6,100,72,45,25,50,25,25,35,bug,poison,1,shed-skin,205,0
15,beedrill,10,295,178,65,90,40,45,80,75,bug,poison,2,"swarm, sniper",395,0
16,pidgey,3,18,50,40,45,40,35,35,56,normal,flying,3,"keen-eye, tangled-feet, big-pecks",251,0
17,pidgeotto,11,300,122,63,60,55,50,50,71,normal,flying,3,"keen-eye, tangled-feet, big-pecks",349,0
18,pidgeot,15,395,216,83,80,75,70,70,101,normal,flying,3,"keen-eye, tangled-feet, big-pecks",479,0
19,rattata,3,35,51,30,56,35,25,35,72,normal,,3,"run-away, guts, hustle",253,0
20,raticate,7,185,145,55,81,60,50,70,97,normal,,3,"run-away, guts, hustle",413,0
21,spearow,3,20,52,40,60,30,31,31,70,normal,flying,2,"keen-eye, sniper",262,0
22,fearow,12,380,155,65,90,65,61,61,100,normal,flying,2,"keen-eye, sniper",442,0
23,ekans,20,69,58,35,60,44,40,54,55,poison,,3,"intimidate, shed-skin, unnerve",288,0
24,arbok,35,650,157,60,95,69,65,79,80,poison,,3,"intimidate, shed-skin, unnerve",448,0
25,pikachu,4,60,112,35,55,40,50,50,90,electric,,2,"static, lightning-rod",320,0
26,raichu,8,300,218,60,90,55,90,80,110,electric,,2,"static, lightning-rod",485,0
27,sandshrew,6,120,60,50,75,85,20,30,40,ground,,2,"sand-veil, sand-rush",300,0
28,sandslash,10,295,158,75,100,110,45,55,65,ground,,2,"sand-veil, sand-rush",450,0
29,nidoran-f,4,70,55,55,47,52,40,40,41,poison,,3,"poison-point, rivalry, hustle",275,0
30,nidorina,8,200,128,70,62,67,55,55,56,poison,,3,"poison-point, rivalry, hustle",365,0
31,nidoqueen,13,600,227,90,92,87,75,85,76,poison,ground,3,"poison-point, rivalry, sheer-force",505,1
32,nidoran-m,5,90,55,46,57,40,40,40,50,poison,,3,"poison-point, rivalry, hustle",273,0
33,nidorino,9,195,128,61,72,57,55,55,65,poison,,3,"poison-point, rivalry, hustle",365,0
34,nidoking,14,620,227,81,102,77,85,75,85,poison,ground,3,"poison-point, rivalry, sheer-force",505,1
35,clefairy,6,75,113,70,45,48,60,65,35,fairy,,3,"cute-charm, magic-guard, friend-guard",323,0
36,clefable,13,400,217,95,70,73,95,90,60,fairy,,3,"cute-charm, magic-guard, unaware",483,0
37,vulpix,6,99,60,38,41,40,50,65,65,fire,,2,"flash-fire, drought",299,0
38,ninetales,11,199,177,73,76,75,81,100,100,fire,,2,"flash-fire, drought",505,1
39,jigglypuff,5,55,95,115,45,20,45,25,20,normal,fairy,3,"cute-charm, competitive, friend-guard",270,0
40,wigglytuff,10,120,196,140,70,45,85,50,45,normal,fairy,3,"cute-charm, competitive, frisk",435,0
41,zubat,8,75,49,40,45,35,30,40,55,poison,flying,2,"inner-focus, infiltrator",245,0
42,golbat,16,550,159,75,80,70,65,75,90,poison,flying,2,"inner-focus, infiltrator",455,0
43,oddish,5,54,64,45,50,55,75,65,30,grass,poison,2,"chlorophyll, run-away",320,0
44,gloom,8,86,138,60,65,70,85,75,40,grass,poison,2,"chlorophyll, stench",395,0
45,vileplume,12,186,221,75,80,85,110,90,50,grass,poison,2,"chlorophyll, effect-spore",490,0
46,paras,3,54,57,35,70,55,45,55,25,bug,grass,3,"effect-spore, dry-skin, damp",285,0
47,parasect,10,295,142,60,95,80,60,80,30,bug,grass,3,"effect-spore, dry-skin, damp",405,0
48,venonat,10,300,61,60,55,50,40,55,45,bug,poison,3,"compound-eyes, tinted-lens, run-away",305,0
49,venomoth,15,125,158,70,65,60,90,75,90,bug,poison,3,"shield-dust, tinted-lens, wonder-skin",450,0
50,diglett,2,8,53,10,55,25,35,45,95,ground,,3,"sand-veil, arena-trap, sand-force",265,0
51,dugtrio,7,333,149,35,100,50,50,70,120,ground,,3,"sand-veil, arena-trap, sand-force",425,0
52,meowth,4,42,58,40,45,35,40,40,90,normal,,3,"pickup, technician, unnerve",290,0
53,persian,10,320,154,65,70,60,65,65,115,normal,,3,"limber, technician, unnerve",440,0
54,psyduck,8,196,64,50,52,48,65,50,55,water,,3,"damp, cloud-nine, swift-swim",320,0
55,golduck,17,766,175,80,82,78,95,80,85,water,,3,"damp, cloud-nine, swift-swim",500,1
56,mankey,5,280,61,40,80,35,35,45,70,fighting,,3,"vital-spirit, anger-point, defiant",305,0
57,primeape,10,320,159,65,105,60,60,70,95,fighting,,3,"vital-spirit, anger-point, defiant",455,0
58,growlithe,7,190,70,55,70,45,70,50,60,fire,,3,"intimidate, flash-fire, justified",350,0
59,arcanine,19,1550,194,90,110,80,100,80,95,fire,,3,"intimidate, flash-fire, justified",555,1
60,poliwag,6,124,60,40,50,40,40,40,90,water,,3,"water-absorb, damp, swift-swim",300,0
61,poliwhirl,10,200,135,65,65,65,50,50,90,water,,3,"water-absorb, damp, swift-swim",385,0
62,poliwrath,13,540,230,90,95,95,70,90,70,water,fighting,3,"water-absorb, damp, swift-swim",510,1
63,abra,9,195,62,25,20,15,105,55,90,psychic,,3,"synchronize, inner-focus, magic-guard",310,0
64,kadabra,13,565,140,40,35,30,120,70,105,psychic,,3,"synchronize, inner-focus, magic-guard",400,0
65,alakazam,15,480,225,55,50,45,135,95,120,psychic,,3,"synchronize, inner-focus, magic-guard",500,1
66,machop,8,195,61,70,80,50,35,35,35,fighting,,3,"guts, no-guard, steadfast",305,0
67,machoke,15,705,142,80,100,70,50,60,45,fighting,,3,"guts, no-guard, steadfast",405,0
68,machamp,16,1300,227,90,130,80,65,85,55,fighting,,3,"guts, no-guard, steadfast",505,1
69,bellsprout,7,40,60,50,75,35,70,30,40,grass,poison,2,"chlorophyll, gluttony",300,0
70,weepinbell,10,64,137,65,90,50,85,45,55,grass,poison,2,"chlorophyll, gluttony",390,0
71,victreebel,17,155,221,80,105,65,100,70,70,grass,poison,2,"chlorophyll, gluttony",490,0
72,tentacool,9,455,67,40,40,35,50,100,70,water,poison,3,"clear-body, liquid-ooze, rain-dish",335,0
73,tentacruel,16,550,180,80,70,65,80,120,100,water,poison,3,"clear-body, liquid-ooze, rain-dish",515,1
74,geodude,4,200,60,40,80,100,30,30,20,rock,ground,3,"rock-head, sturdy, sand-veil",300,0
75,graveler,10,1050,137,55,95,115,45,45,35,rock,ground,3,"rock-head, sturdy, sand-veil",390,0
76,golem,14,3000,223,80,120,130,55,65,45,rock,ground,3,"rock-head, sturdy, sand-veil",495,0
77,ponyta,10,300,82,50,85,55,65,65,90,fire,,3,"run-away, flash-fire, flame-body",410,0
78,rapidash,17,950,175,65,100,70,80,80,105,fire,,3,"run-away, flash-fire, flame-body",500,1
79,slowpoke,12,360,63,90,65,65,40,40,15,water,psychic,3,"oblivious, own-tempo, regenerator",315,0
80,slowbro,16,785,172,95,75,110,100,80,30,water,psychic,3,"oblivious, own-tempo, regenerator",490,0
81,magnemite,3,60,65,25,35,70,95,55,45,electric,steel,3,"magnet-pull, sturdy, analytic",325,0
82,magneton,10,600,163,50,60,95,120,70,70,electric,steel,3,"magnet-pull, sturdy, analytic",465,0
83,farfetchd,8,150,132,52,90,55,58,62,60,normal,flying,3,"keen-eye, inner-focus, defiant",377,0
84,doduo,14,392,62,35,85,45,35,35,75,normal,flying,3,"run-away, early-bird, tangled-feet",310,0
85,dodrio,18,852,165,60,110,70,60,60,110,normal,flying,3,"run-away, early-bird, tangled-feet",470,0
86,seel,11,900,65,65,45,55,45,70,45,water,,3,"thick-fat, hydration, ice-body",325,0
87,dewgong,17,1200,166,90,70,80,70,95,70,water,ice,3,"thick-fat, hydration, ice-body",475,0
88,grimer,9,300,65,80,80,50,40,50,25,poison,,3,"stench, sticky-hold, poison-touch",325,0
89,muk,12,300,175,105,105,75,65,100,50,poison,,3,"stench, sticky-hold, poison-touch",500,1
90,shellder,3,40,61,30,65,100,45,25,40,water,,3,"shell-armor, skill-link, overcoat",305,0
91,cloyster,15,1325,184,50,95,180,85,45,70,water,ice,3,"shell-armor, skill-link, overcoat",525,1
92,gastly,13,1,62,30,35,30,100,35,80,ghost,poison,1,levitate,310,0
93,haunter,16,1,142,45,50,45,115,55,95,ghost,poison,1,levitate,405,0
94,gengar,15,405,225,60,65,60,130,75,110,ghost,poison,1,cursed-body,500,1
95,onix,88,2100,77,35,45,160,30,45,70,rock,ground,3,"rock-head, sturdy, weak-armor",385,0
96,drowzee,10,324,66,60,48,45,43,90,42,psychic,,3,"insomnia, forewarn, inner-focus",328,0
97,hypno,16,756,169,85,73,70,73,115,67,psychic,,3,"insomnia, forewarn, inner-focus",483,0
98,krabby,4,65,65,30,105,90,25,25,50,water,,3,"hyper-cutter, shell-armor, sheer-force",325,0
99,kingler,13,600,166,55,130,115,50,50,75,water,,3,"hyper-cutter, shell-armor, sheer-force",475,0
100,voltorb,5,104,66,40,30,50,55,55,100,electric,,3,"soundproof, static, aftermath",330,0
101,electrode,12,666,172,60,50,70,80,80,150,electric,,3,"soundproof, static, aftermath",490,0
102,exeggcute,4,25,65,60,40,80,60,45,40,grass,psychic,2,"chlorophyll, harvest",325,0
103,exeggutor,20,1200,186,95,95,85,125,75,55,grass,psychic,2,"chlorophyll, harvest",530,1
104,cubone,4,65,64,50,50,95,40,50,35,ground,,3,"rock-head, lightning-rod, battle-armor",320,0
105,marowak,10,450,149,60,80,110,50,80,45,ground,,3,"rock-head, lightning-rod, battle-armor",425,0
106,hitmonlee,15,498,159,50,120,53,35,110,87,fighting,,3,"limber, reckless, unburden",455,0
107,hitmonchan,14,502,159,50,105,79,35,110,76,fighting,,3,"keen-eye, iron-fist, inner-focus",455,0
108,lickitung,12,655,77,90,55,75,60,75,30,normal,,3,"own-tempo, oblivious, cloud-nine",385,0
109,koffing,6,10,68,40,65,95,60,45,35,poison,,3,"levitate, neutralizing-gas, stench",340,0
110,weezing,12,95,172,65,90,120,85,70,60,poison,,3,"levitate, neutralizing-gas, stench",490,0
111,rhyhorn,10,1150,69,80,85,95,30,30,25,ground,rock,3,"lightning-rod, rock-head, reckless",345,0
112,rhydon,19,1200,170,105,130,120,45,45,40,ground,rock,3,"lightning-rod, rock-head, reckless",485,0
113,chansey,11,346,395,250,5,5,35,105,50,normal,,3,"natural-cure, serene-grace, healer",450,0
114,tangela,10,350,87,65,55,115,100,40,60,grass,,3,"chlorophyll, leaf-guard, regenerator",435,0
115,kangaskhan,22,800,172,105,95,80,40,80,90,normal,,3,"early-bird, scrappy, inner-focus",490,0
116,horsea,4,80,59,30,40,70,70,25,60,water,,3,"swift-swim, sniper, damp",295,0
117,seadra,12,250,154,55,65,95,95,45,85,water,,3,"poison-point, sniper, damp",440,0
118,goldeen,6,150,64,45,67,60,35,50,63,water,,3,"swift-swim, water-veil, lightning-rod",320,0
119,seaking,13,390,158,80,92,65,65,80,68,water,,3,"swift-swim, water-veil, lightning-rod",450,0
120,staryu,8,345,68,30,45,55,70,55,85,water,,3,"illuminate, natural-cure, analytic",340,0
121,starmie,11,800,182,60,75,85,100,85,115,water,psychic,3,"illuminate, natural-cure, analytic",520,1
122,mr-mime,13,545,161,40,45,65,100,120,90,psychic,fairy,3,"soundproof, filter, technician",460,0
123,scyther,15,560,100,70,110,80,55,80,105,bug,flying,3,"swarm, technician, steadfast",500,1
124,jynx,14,406,159,65,50,35,115,95,95,ice,psychic,3,"oblivious, forewarn, dry-skin",455,0
125,electabuzz,11,300,172,65,83,57,95,85,105,electric,,2,"static, vital-spirit",490,0
126,magmar,13,445,173,65,95,57,100,85,93,fire,,2,"flame-body, vital-spirit",495,0
127,pinsir,15,550,175,65,125,100,55,70,85,bug,,3,"hyper-cutter, mold-breaker, moxie",500,1
128,tauros,14,884,172,75,100,95,40,70,110,normal,,3,"intimidate, anger-point, sheer-force",490,0
129,magikarp,9,100,40,20,10,55,15,20,80,water,,2,"swift-swim, rattled",200,0
130,gyarados,65,2350,189,95,125,79,60,100,81,water,flying,2,"intimidate, moxie",540,1
131,lapras,25,2200,187,130,85,80,85,95,60,water,ice,3,"water-absorb, shell-armor, hydration",535,1
132,ditto,3,40,101,48,48,48,48,48,48,normal,,2,"limber, imposter",288,0
133,eevee,3,65,65,55,55,50,45,65,55,normal,,3,"run-away, adaptability, anticipation",325,0
134,vaporeon,10,290,184,130,65,60,110,95,65,water,,2,"water-absorb, hydration",525,1
135,jolteon,8,245,184,65,65,60,110,95,130,electric,,2,"volt-absorb, quick-feet",525,1
136,flareon,9,250,184,65,130,60,95,110,65,fire,,2,"flash-fire, guts",525,1
137,porygon,8,365,79,65,60,70,85,75,40,normal,,3,"trace, download, analytic",395,0
138,omanyte,4,75,71,35,40,100,90,55,35,rock,water,3,"swift-swim, shell-armor, weak-armor",355,0
139,omastar,10,350,173,70,60,125,115,70,55,rock,water,3,"swift-swim, shell-armor, weak-armor",495,0
140,kabuto,5,115,71,30,80,90,55,45,55,rock,water,3,"swift-swim, battle-armor, weak-armor",355,0
141,kabutops,13,405,173,60,115,105,65,70,80,rock,water,3,"swift-swim, battle-armor, weak-armor",495,0
142,aerodactyl,18,590,180,80,105,65,60,75,130,rock,flying,3,"rock-head, pressure, unnerve",515,1
143,snorlax,21,4600,189,160,110,65,65,110,30,normal,,3,"immunity, thick-fat, gluttony",540,1
144,articuno,17,554,261,90,85,100,95,125,85,ice,flying,2,"pressure, snow-cloak",580,1
145,zapdos,16,526,261,90,90,85,125,90,100,electric,flying,2,"pressure, static",580,1
146,moltres,20,600,261,90,100,90,125,85,90,fire,flying,2,"pressure, flame-body",580,1
147,dratini,18,33,60,41,64,45,50,50,50,dragon,,2,"shed-skin, marvel-scale",300,0
148,dragonair,40,165,147,61,84,65,70,70,70,dragon,,2,"shed-skin, marvel-scale",420,0
149,dragonite,22,2100,270,91,134,95,100,100,80,dragon,flying,2,"inner-focus, multiscale",600,1
150,mewtwo,20,1220,306,106,110,90,154,90,130,psychic,,2,"pressure, unnerve",680,1
151,mew,4,40,270,100,100,100,100,100,100,psychic,,1,synchronize,600,1
152,chikorita,9,64,64,45,49,65,49,65,45,grass,,2,"overgrow, leaf-guard",318,0
153,bayleef,12,158,142,60,62,80,63,80,60,grass,,2,"overgrow, leaf-guard",405,0
154,meganium,18,1005,236,80,82,100,83,100,80,grass,,2,"overgrow, leaf-guard",525,1
155,cyndaquil,5,79,62,39,52,43,60,50,65,fire,,2,"blaze, flash-fire",309,0
156,quilava,9,190,142,58,64,58,80,65,80,fire,,2,"blaze, flash-fire",405,0
157,typhlosion,17,795,240,78,84,78,109,85,100,fire,,2,"blaze, flash-fire",534,1
158,totodile,6,95,63,50,65,64,44,48,43,water,,2,"torrent, sheer-force",314,0
159,croconaw,11,250,142,65,80,80,59,63,58,water,,2,"torrent, sheer-force",405,0
160,feraligatr,23,888,239,85,105,100,79,83,78,water,,2,"torrent, sheer-force",530,1
161,sentret,8,60,43,35,46,34,35,45,20,normal,,3,"run-away, keen-eye, frisk",215,0
162,furret,18,325,145,85,76,64,45,55,90,normal,,3,"run-away, keen-eye, frisk",415,0
163,hoothoot,7,212,52,60,30,30,36,56,50,normal,flying,3,"insomnia, keen-eye, tinted-lens",262,0
164,noctowl,16,408,158,100,50,50,86,96,70,normal,flying,3,"insomnia, keen-eye, tinted-lens",452,0
165,ledyba,10,108,53,40,20,30,40,80,55,bug,flying,3,"swarm, early-bird, rattled",265,0
166,ledian,14,356,137,55,35,50,55,110,85,bug,flying,3,"swarm, early-bird, iron-fist",390,0
167,spinarak,5,85,50,40,60,40,40,40,30,bug,poison,3,"swarm, insomnia, sniper",250,0
168,ariados,11,335,140,70,90,70,60,70,40,bug,poison,3,"swarm, insomnia, sniper",400,0
169,crobat,18,750,241,85,90,80,70,80,130,poison,flying,2,"inner-focus, infiltrator",535,1
170,chinchou,5,120,66,75,38,38,56,56,67,water,electric,3,"volt-absorb, illuminate, water-absorb",330,0
171,lanturn,12,225,161,125,58,58,76,76,67,water,electric,3,"volt-absorb, illuminate, water-absorb",460,0
172,pichu,3,20,41,20,40,15,35,35,60,electric,,2,"static, lightning-rod",205,0
173,cleffa,3,30,44,50,25,28,45,55,15,fairy,,3,"cute-charm, magic-guard, friend-guard",218,0
174,igglybuff,3,10,42,90,30,15,40,20,15,normal,fairy,3,"cute-charm, competitive, friend-guard",210,0
175,togepi,3,15,49,35,20,65,40,65,20,fairy,,3,"hustle, serene-grace, super-luck",245,0
176,togetic,6,32,142,55,40,85,80,105,40,fairy,flying,3,"hustle, serene-grace, super-luck",405,0
177,natu,2,20,64,40,50,45,70,45,70,psychic,flying,3,"synchronize, early-bird, magic-bounce",320,0
178,xatu,15,150,165,65,75,70,95,70,95,psychic,flying,3,"synchronize, early-bird, magic-bounce",470,0
179,mareep,6,78,56,55,40,40,65,45,35,electric,,2,"static, plus",280,0
180,flaaffy,8,133,128,70,55,55,80,60,45,electric,,2,"static, plus",365,0
181,ampharos,14,615,230,90,75,85,115,90,55,electric,,2,"static, plus",510,1
182,bellossom,4,58,221,75,80,95,90,100,50,grass,,2,"chlorophyll, healer",490,0
183,marill,4,85,88,70,20,50,20,50,40,water,fairy,3,"thick-fat, huge-power, sap-sipper",250,0
184,azumarill,8,285,189,100,50,80,60,80,50,water,fairy,3,"thick-fat, huge-power, sap-sipper",420,0
185,sudowoodo,12,380,144,70,100,115,30,65,30,rock,,3,"sturdy, rock-head, rattled",410,0
186,politoed,11,339,225,90,75,75,90,100,70,water,,3,"water-absorb, damp, drizzle",500,1
187,hoppip,4,5,50,35,35,40,35,55,50,grass,flying,3,"chlorophyll, leaf-guard, infiltrator",250,0
188,skiploom,6,10,119,55,45,50,45,65,80,grass,flying,3,"chlorophyll, leaf-guard, infiltrator",340,0
189,jumpluff,8,30,207,75,55,70,55,95,110,grass,flying,3,"chlorophyll, leaf-guard, infiltrator",460,0
190,aipom,8,115,72,55,70,55,40,55,85,normal,,3,"run-away, pickup, skill-link",360,0
191,sunkern,3,18,36,30,30,30,30,30,30,grass,,3,"chlorophyll, solar-power, early-bird",180,0
192,sunflora,8,85,149,75,75,55,105,85,30,grass,,3,"chlorophyll, solar-power, early-bird",425,0
193,yanma,12,380,78,65,65,45,75,45,95,bug,flying,3,"speed-boost, compound-eyes, frisk",390,0
194,wooper,4,85,42,55,45,45,25,25,15,water,ground,3,"damp, water-absorb, unaware",210,0
195,quagsire,14,750,151,95,85,85,65,65,35,water,ground,3,"damp, water-absorb, unaware",430,0
196,espeon,9,265,184,65,65,60,130,95,110,psychic,,2,"synchronize, magic-bounce",525,1
197,umbreon,10,270,184,95,65,110,60,130,65,dark,,2,"synchronize, inner-focus",525,1
198,murkrow,5,21,81,60,85,42,85,42,91,dark,flying,3,"insomnia, super-luck, prankster",405,0
199,slowking,20,795,172,95,75,80,100,110,30,water,psychic,3,"oblivious, own-tempo, regenerator",490,0
200,misdreavus,7,10,87,60,60,60,85,85,85,ghost,,1,levitate,435,0
201,unown,5,50,118,48,72,48,72,48,48,psychic,,1,levitate,336,0
202,wobbuffet,13,285,142,190,33,58,33,58,33,psychic,,2,"shadow-tag, telepathy",405,0
203,girafarig,15,415,159,70,80,65,90,65,85,normal,psychic,3,"inner-focus, early-bird, sap-sipper",455,0
204,pineco,6,72,58,50,65,90,35,35,15,bug,,2,"sturdy, overcoat",290,0
205,forretress,12,1258,163,75,90,140,60,60,40,bug,steel,2,"sturdy, overcoat",465,0
206,dunsparce,15,140,145,100,70,70,65,65,45,normal,,3,"serene-grace, run-away, rattled",415,0
207,gligar,11,648,86,65,75,105,35,65,85,ground,flying,3,"hyper-cutter, sand-veil, immunity",430,0
208,steelix,92,4000,179,75,85,200,55,65,30,steel,ground,3,"rock-head, sturdy, sheer-force",510,1
209,snubbull,6,78,60,60,80,50,40,40,30,fairy,,3,"intimidate, run-away, rattled",300,0
210,granbull,14,487,158,90,120,75,60,60,45,fairy,,3,"intimidate, quick-feet, rattled",450,0
211,qwilfish,5,39,88,65,95,85,55,55,85,water,poison,3,"poison-point, swift-swim, intimidate",440,0
212,scizor,18,1180,175,70,130,100,55,80,65,bug,steel,3,"swarm, technician, light-metal",500,1
213,shuckle,6,205,177,20,10,230,10,230,5,bug,rock,3,"sturdy, gluttony, contrary",505,1
214,heracross,15,540,175,80,125,75,40,95,85,bug,fighting,3,"swarm, guts, moxie",500,1
215,sneasel,9,280,86,55,95,55,35,75,115,dark,ice,3,"inner-focus, keen-eye, pickpocket",430,0
216,teddiursa,6,88,66,60,80,50,50,50,40,normal,,3,"pickup, quick-feet, honey-gather",330,0
217,ursaring,18,1258,175,90,130,75,75,75,55,normal,,3,"guts, quick-feet, unnerve",500,1
218,slugma,7,350,50,40,40,40,70,40,20,fire,,3,"magma-armor, flame-body, weak-armor",250,0
219,magcargo,8,550,151,60,50,120,90,80,30,fire,rock,3,"magma-armor, flame-body, weak-armor",430,0
220,swinub,4,65,50,50,50,40,30,30,50,ice,ground,3,"oblivious, snow-cloak, thick-fat",250,0
221,piloswine,11,558,158,100,100,80,60,60,50,ice,ground,3,"oblivious, snow-cloak, thick-fat",450,0
222,corsola,6,50,144,65,55,95,65,95,35,water,rock,3,"hustle, natural-cure, regenerator",410,0
223,remoraid,6,120,60,35,65,35,65,35,65,water,,3,"hustle, sniper, moody",300,0
224,octillery,9,285,168,75,105,75,105,75,45,water,,3,"suction-cups, sniper, moody",480,0
225,delibird,9,160,116,45,55,45,65,45,75,ice,flying,3,"vital-spirit, hustle, insomnia",330,0
226,mantine,21,2200,170,85,40,70,80,140,70,water,flying,3,"swift-swim, water-absorb, water-veil",485,0
227,skarmory,17,505,163,65,80,140,40,70,70,steel,flying,3,"keen-eye, sturdy, weak-armor",465,0
228,houndour,6,108,66,45,60,30,80,50,65,dark,fire,3,"early-bird, flash-fire, unnerve",330,0
229,houndoom,14,350,175,75,90,50,110,80,95,dark,fire,3,"early-bird, flash-fire, unnerve",500,1
230,kingdra,18,1520,243,75,95,95,95,95,85,water,dragon,3,"swift-swim, sniper, damp",540,1
231,phanpy,5,335,66,90,60,60,40,40,40,ground,,2,"pickup, sand-veil",330,0
232,donphan,11,1200,175,90,120,120,60,60,50,ground,,2,"sturdy, sand-veil",500,1
233,porygon2,6,325,180,85,80,90,105,95,60,normal,,3,"trace, download, analytic",515,1
234,stantler,14,712,163,73,95,62,85,65,85,normal,,3,"intimidate, frisk, sap-sipper",465,0
235,smeargle,12,580,88,55,20,35,20,45,75,normal,,3,"own-tempo, technician, moody",250,0
236,tyrogue,7,210,42,35,35,35,35,35,35,fighting,,3,"guts, steadfast, vital-spirit",210,0
237,hitmontop,14,480,159,50,95,95,35,110,70,fighting,,3,"intimidate, technician, steadfast",455,0
238,smoochum,4,60,61,45,30,15,85,65,65,ice,psychic,3,"oblivious, forewarn, hydration",305,0
239,elekid,6,235,72,45,63,37,65,55,95,electric,,2,"static, vital-spirit",360,0
240,magby,7,214,73,45,75,37,70,55,83,fire,,2,"flame-body, vital-spirit",365,0
241,miltank,12,755,172,95,80,105,40,70,100,normal,,3,"thick-fat, scrappy, sap-sipper",490,0
242,blissey,15,468,608,255,10,10,75,135,55,normal,,3,"natural-cure, serene-grace, healer",540,1
243,raikou,19,1780,261,90,85,75,115,100,115,electric,,2,"pressure, inner-focus",580,1
244,entei,21,1980,261,115,115,85,90,75,100,fire,,2,"pressure, inner-focus",580,1
245,suicune,20,1870,261,100,75,115,90,115,85,water,,2,"pressure, inner-focus",580,1
246,larvitar,6,720,60,50,64,50,45,50,41,rock,ground,2,"guts, sand-veil",300,0
247,pupitar,12,1520,144,70,84,70,65,70,51,rock,ground,1,shed-skin,410,0
248,tyranitar,20,2020,270,100,134,110,95,100,61,rock,dark,2,"sand-stream, unnerve",600,1
249,lugia,52,2160,306,106,90,130,90,154,110,psychic,flying,2,"pressure, multiscale",680,1
250,ho-oh,38,1990,306,106,130,90,110,154,90,fire,flying,2,"pressure, regenerator",680,1
251,celebi,6,50,270,100,100,100,100,100,100,psychic,grass,1,natural-cure,600,1
252,treecko,5,50,62,40,45,35,65,55,70,grass,,2,"overgrow, unburden",310,0
253,grovyle,9,216,142,50,65,45,85,65,95,grass,,2,"overgrow, unburden",405,0
254,sceptile,17,522,239,70,85,65,105,85,120,grass,,2,"overgrow, unburden",530,1
255,torchic,4,25,62,45,60,40,70,50,45,fire,,2,"blaze, speed-boost",310,0
256,combusken,9,195,142,60,85,60,85,60,55,fire,fighting,2,"blaze, speed-boost",405,0
257,blaziken,19,520,239,80,120,70,110,70,80,fire,fighting,2,"blaze, speed-boost",530,1
258,mudkip,4,76,62,50,70,50,50,50,40,water,,2,"torrent, damp",310,0
259,marshtomp,7,280,142,70,85,70,60,70,50,water,ground,2,"torrent, damp",405,0
260,swampert,15,819,241,100,110,90,85,90,60,water,ground,2,"torrent, damp",535,1
261,poochyena,5,136,56,35,55,35,30,30,35,dark,,3,"run-away, quick-feet, rattled",220,0
262,mightyena,10,370,147,70,90,70,60,60,70,dark,,3,"intimidate, quick-feet, moxie",420,0
263,zigzagoon,4,175,56,38,30,41,30,41,60,normal,,3,"pickup, gluttony, quick-feet",240,0
264,linoone,5,325,147,78,70,61,50,61,100,normal,,3,"pickup, gluttony, quick-feet",420,0
265,wurmple,3,36,56,45,45,35,20,30,20,bug,,2,"shield-dust, run-away",195,0
266,silcoon,6,100,72,50,35,55,25,25,15,bug,,1,shed-skin,205,0
267,beautifly,10,284,178,60,70,50,100,50,65,bug,flying,2,"swarm, rivalry",395,0
268,cascoon,7,115,72,50,35,55,25,25,15,bug,,1,shed-skin,205,0
269,dustox,12,316,173,60,50,70,50,90,65,bug,poison,2,"shield-dust, compound-eyes",385,0
270,lotad,5,26,44,40,30,30,40,50,30,water,grass,3,"swift-swim, rain-dish, own-tempo",220,0
271,lombre,12,325,119,60,50,50,60,70,50,water,grass,3,"swift-swim, rain-dish, own-tempo",340,0
272,ludicolo,15,550,216,80,70,70,90,100,70,water,grass,3,"swift-swim, rain-dish, own-tempo",480,0
273,seedot,5,40,44,40,40,50,30,30,30,grass,,3,"chlorophyll, early-bird, pickpocket",220,0
274,nuzleaf,10,280,119,70,70,40,60,40,60,grass,dark,3,"chlorophyll, early-bird, pickpocket",340,0
275,shiftry,13,596,216,90,100,60,90,60,80,grass,dark,3,"chlorophyll, wind-rider, pickpocket",480,0
276,taillow,3,23,54,40,55,30,30,30,85,normal,flying,2,"guts, scrappy",270,0
277,swellow,7,198,159,60,85,60,75,50,125,normal,flying,2,"guts, scrappy",455,0
278,wingull,6,95,54,40,30,30,55,30,85,water,flying,3,"keen-eye, hydration, rain-dish",270,0
279,pelipper,12,280,154,60,50,100,95,70,65,water,flying,3,"keen-eye, drizzle, rain-dish",440,0
280,ralts,4,66,40,28,25,25,45,35,40,psychic,fairy,3,"synchronize, trace, telepathy",198,0
281,kirlia,8,202,97,38,35,35,65,55,50,psychic,fairy,3,"synchronize, trace, telepathy",278,0
282,gardevoir,16,484,233,68,65,65,125,115,80,psychic,fairy,3,"synchronize, trace, telepathy",518,1
283,surskit,5,17,54,40,30,32,50,52,65,bug,water,2,"swift-swim, rain-dish",269,0
284,masquerain,8,36,159,70,60,62,100,82,80,bug,flying,2,"intimidate, unnerve",454,0
285,shroomish,4,45,59,60,40,60,40,60,35,grass,,3,"effect-spore, poison-heal, quick-feet",295,0
286,breloom,12,392,161,60,130,80,60,60,70,grass,fighting,3,"effect-spore, poison-heal, technician",460,0
287,slakoth,8,240,56,60,60,60,35,35,30,normal,,1,truant,280,0
288,vigoroth,14,465,154,80,80,80,55,55,90,normal,,1,vital-spirit,440,0
289,slaking,20,1305,252,150,160,100,95,65,100,normal,,1,truant,670,1
290,nincada,5,55,53,31,45,90,30,30,40,bug,ground,2,"compound-eyes, run-away",266,0
291,ninjask,8,120,160,61,90,45,50,50,160,bug,flying,2,"speed-boost, infiltrator",456,0
292,shedinja,8,12,83,1,90,45,30,30,40,bug,ghost,1,wonder-guard,236,0
293,whismur,6,163,48,64,51,23,51,23,28,normal,,2,"soundproof, rattled",240,0
294,loudred,10,405,126,84,71,43,71,43,48,normal,,2,"soundproof, scrappy",360,0
295,exploud,15,840,221,104,91,63,91,73,68,normal,,2,"soundproof, scrappy",490,0
296,makuhita,10,864,47,72,60,30,20,30,25,fighting,,3,"thick-fat, guts, sheer-force",237,0
297,hariyama,23,2538,166,144,120,60,40,60,50,fighting,,3,"thick-fat, guts, sheer-force",474,0
298,azurill,2,20,38,50,20,40,20,40,20,normal,fairy,3,"thick-fat, huge-power, sap-sipper",190,0
299,nosepass,10,970,75,30,45,135,45,90,30,rock,,3,"sturdy, magnet-pull, sand-force",375,0
300,skitty,6,110,52,50,45,45,35,35,50,normal,,3,"cute-charm, normalize, wonder-skin",260,0
301,delcatty,11,326,140,70,65,65,55,55,90,normal,,3,"cute-charm, normalize, wonder-skin",400,0
302,sableye,5,110,133,50,75,75,65,65,50,dark,ghost,3,"keen-eye, stall, prankster",380,0
303,mawile,6,115,133,50,85,85,55,55,50,steel,fairy,3,"hyper-cutter, intimidate, sheer-force",380,0
304,aron,4,600,66,50,70,100,40,40,30,steel,rock,3,"sturdy, rock-head, heavy-metal",330,0
305,lairon,9,1200,151,60,90,140,50,50,40,steel,rock,3,"sturdy, rock-head, heavy-metal",430,0
306,aggron,21,3600,239,70,110,180,60,60,50,steel,rock,3,"sturdy, rock-head, heavy-metal",530,1
307,meditite,6,112,56,30,40,55,40,55,60,fighting,psychic,2,"pure-power, telepathy",280,0
308,medicham,13,315,144,60,60,75,60,75,80,fighting,psychic,2,"pure-power, telepathy",410,0
309,electrike,6,152,59,40,45,40,65,40,65,electric,,3,"static, lightning-rod, minus",295,0
310,manectric,15,402,166,70,75,60,105,60,105,electric,,3,"static, lightning-rod, minus",475,0
311,plusle,4,42,142,60,50,40,85,75,95,electric,,2,"plus, lightning-rod",405,0
312,minun,4,42,142,60,40,50,75,85,95,electric,,2,"minus, volt-absorb",405,0
313,volbeat,7,177,151,65,73,75,47,85,85,bug,,3,"illuminate, swarm, prankster",430,0
314,illumise,6,177,151,65,47,75,73,85,85,bug,,3,"oblivious, tinted-lens, prankster",430,0
315,roselia,3,20,140,50,60,45,100,80,65,grass,poison,3,"natural-cure, poison-point, leaf-guard",400,0
316,gulpin,4,103,60,70,43,53,43,53,40,poison,,3,"liquid-ooze, sticky-hold, gluttony",302,0
317,swalot,17,800,163,100,73,83,73,83,55,poison,,3,"liquid-ooze, sticky-hold, gluttony",467,0
318,carvanha,8,208,61,45,90,20,65,20,65,water,dark,2,"rough-skin, speed-boost",305,0
319,sharpedo,18,888,161,70,120,40,95,40,95,water,dark,2,"rough-skin, speed-boost",460,0
320,wailmer,20,1300,80,130,70,35,70,35,60,water,,3,"water-veil, oblivious, pressure",400,0
321,wailord,145,3980,175,170,90,45,90,45,60,water,,3,"water-veil, oblivious, pressure",500,1
322,numel,7,240,61,60,60,40,65,45,35,fire,ground,3,"oblivious, simple, own-tempo",305,0
323,camerupt,19,2200,161,70,100,70,105,75,40,fire,ground,3,"magma-armor, solid-rock, anger-point",460,0
324,torkoal,5,804,165,70,85,140,85,70,20,fire,,3,"white-smoke, drought, shell-armor",470,0
325,spoink,7,306,66,60,25,35,70,80,60,psychic,,3,"thick-fat, own-tempo, gluttony",330,0
326,grumpig,9,715,165,80,45,65,90,110,80,psychic,,3,"thick-fat, own-tempo, gluttony",470,0
327,spinda,11,50,126,60,60,60,60,60,60,normal,,3,"own-tempo, tangled-feet, contrary",360,0
328,trapinch,7,150,58,45,100,45,45,45,10,ground,,3,"hyper-cutter, arena-trap, sheer-force",290,0
329,vibrava,11,153,119,50,70,50,50,50,70,ground,dragon,1,levitate,340,0
330,flygon,20,820,234,80,100,80,80,80,100,ground,dragon,1,levitate,520,1
331,cacnea,4,513,67,50,85,40,85,40,35,grass,,2,"sand-veil, water-absorb",335,0
332,cacturne,13,774,166,70,115,60,115,60,55,grass,dark,2,"sand-veil, water-absorb",475,0
333,swablu,4,12,62,45,40,60,40,75,50,normal,flying,2,"natural-cure, cloud-nine",310,0
334,altaria,11,206,172,75,70,90,70,105,80,dragon,flying,2,"natural-cure, cloud-nine",490,0
335,zangoose,13,403,160,73,115,60,60,60,90,normal,,2,"immunity, toxic-boost",458,0
336,seviper,27,525,160,73,100,60,100,60,65,poison,,2,"shed-skin, infiltrator",458,0
337,lunatone,10,1680,161,90,55,65,95,85,70,rock,psychic,1,levitate,460,0
338,solrock,12,1540,161,90,95,85,55,65,70,rock,psychic,1,levitate,460,0
339,barboach,4,19,58,50,48,43,46,41,60,water,ground,3,"oblivious, anticipation, hydration",288,0
340,whiscash,9,236,164,110,78,73,76,71,60,water,ground,3,"oblivious, anticipation, hydration",468,0
341,corphish,6,115,62,43,80,65,50,35,35,water,,3,"hyper-cutter, shell-armor, adaptability",308,0
342,crawdaunt,11,328,164,63,120,85,90,55,55,water,dark,3,"hyper-cutter, shell-armor, adaptability",468,0
343,baltoy,5,215,60,40,40,55,40,70,55,ground,psychic,1,levitate,300,0
344,claydol,15,1080,175,60,70,105,70,120,75,ground,psychic,1,levitate,500,1
345,lileep,10,238,71,66,41,77,61,87,23,rock,grass,2,"suction-cups, storm-drain",355,0
346,cradily,15,604,173,86,81,97,81,107,43,rock,grass,2,"suction-cups, storm-drain",495,0
347,anorith,7,125,71,45,95,50,40,50,75,rock,bug,2,"battle-armor, swift-swim",355,0
348,armaldo,15,682,173,75,125,100,70,80,45,rock,bug,2,"battle-armor, swift-swim",495,0
349,feebas,6,74,40,20,15,20,10,55,80,water,,3,"swift-swim, oblivious, adaptability",200,0
350,milotic,62,1620,189,95,60,79,100,125,81,water,,3,"marvel-scale, competitive, cute-charm",540,1
351,castform,3,8,147,70,70,70,70,70,70,normal,,1,forecast,420,0
352,kecleon,10,220,154,60,90,70,60,120,40,normal,,2,"color-change, protean",440,0
353,shuppet,6,23,59,44,75,35,63,33,45,ghost,,3,"insomnia, frisk, cursed-body",295,0
354,banette,11,125,159,64,115,65,83,63,65,ghost,,3,"insomnia, frisk, cursed-body",455,0
355,duskull,8,150,59,20,40,90,30,90,25,ghost,,2,"levitate, frisk",295,0
356,dusclops,16,306,159,40,70,130,60,130,25,ghost,,2,"pressure, frisk",455,0
357,tropius,20,1000,161,99,68,83,72,87,51,grass,flying,3,"chlorophyll, solar-power, harvest",460,0
358,chimecho,6,10,159,75,50,80,95,90,65,psychic,,1,levitate,455,0
359,absol,12,470,163,65,130,60,75,60,75,dark,,3,"pressure, super-luck, justified",465,0
360,wynaut,6,140,52,95,23,48,23,48,23,psychic,,2,"shadow-tag, telepathy",260,0
361,snorunt,7,168,60,50,50,50,50,50,50,ice,,3,"inner-focus, ice-body, moody",300,0
362,glalie,15,2565,168,80,80,80,80,80,80,ice,,3,"inner-focus, ice-body, moody",480,0
363,spheal,8,395,58,70,40,50,55,50,25,ice,water,3,"thick-fat, ice-body, oblivious",290,0
364,sealeo,11,876,144,90,60,70,75,70,45,ice,water,3,"thick-fat, ice-body, oblivious",410,0
365,walrein,14,1506,239,110,80,90,95,90,65,ice,water,3,"thick-fat, ice-body, oblivious",530,1
366,clamperl,4,525,69,35,64,85,74,55,32,water,,2,"shell-armor, rattled",345,0
367,huntail,17,270,170,55,104,105,94,75,52,water,,2,"swift-swim, water-veil",485,0
368,gorebyss,18,226,170,55,84,105,114,75,52,water,,2,"swift-swim, hydration",485,0
369,relicanth,10,234,170,100,90,130,45,65,55,water,rock,3,"swift-swim, rock-head, sturdy",485,0
370,luvdisc,6,87,116,43,30,55,40,65,97,water,,2,"swift-swim, hydration",330,0
371,bagon,6,421,60,45,75,60,40,30,50,dragon,,2,"rock-head, sheer-force",300,0
372,shelgon,11,1105,147,65,95,100,60,50,50,dragon,,2,"rock-head, overcoat",420,0
373,salamence,15,1026,270,95,135,80,110,80,100,dragon,flying,2,"intimidate, moxie",600,1
374,beldum,6,952,60,40,55,80,35,60,30,steel,psychic,2,"clear-body, light-metal",300,0
375,metang,12,2025,147,60,75,100,55,80,50,steel,psychic,2,"clear-body, light-metal",420,0
376,metagross,16,5500,270,80,135,130,95,90,70,steel,psychic,2,"clear-body, light-metal",600,1
377,regirock,17,2300,261,80,100,200,50,100,50,rock,,2,"clear-body, sturdy",580,1
378,regice,18,1750,261,80,50,100,100,200,50,ice,,2,"clear-body, ice-body",580,1
379,registeel,19,2050,261,80,75,150,75,150,50,steel,,2,"clear-body, light-metal",580,1
380,latias,14,400,270,80,80,90,110,130,110,dragon,psychic,1,levitate,600,1
381,latios,20,600,270,80,90,80,130,110,110,dragon,psychic,1,levitate,600,1
382,kyogre,45,3520,302,100,100,90,150,140,90,water,,1,drizzle,670,1
383,groudon,35,9500,302,100,150,140,100,90,90,ground,,1,drought,670,1
384,rayquaza,70,2065,306,105,150,90,150,90,95,dragon,flying,1,air-lock,680,1
385,jirachi,3,11,270,100,100,100,100,100,100,steel,psychic,1,serene-grace,600,1
386,deoxys-normal,17,608,270,50,150,50,150,50,150,psychic,,1,pressure,600,1
387,turtwig,4,102,64,55,68,64,45,55,31,grass,,2,"overgrow, shell-armor",318,0
388,grotle,11,970,142,75,89,85,55,65,36,grass,,2,"overgrow, shell-armor",405,0
389,torterra,22,3100,236,95,109,105,75,85,56,grass,ground,2,"overgrow, shell-armor",525,1
390,chimchar,5,62,62,44,58,44,58,44,61,fire,,2,"blaze, iron-fist",309,0
391,monferno,9,220,142,64,78,52,78,52,81,fire,fighting,2,"blaze, iron-fist",405,0
392,infernape,12,550,240,76,104,71,104,71,108,fire,fighting,2,"blaze, iron-fist",534,1
393,piplup,4,52,63,53,51,53,61,56,40,water,,2,"torrent, competitive",314,0
394,prinplup,8,230,142,64,66,68,81,76,50,water,,2,"torrent, competitive",405,0
395,empoleon,17,845,239,84,86,88,111,101,60,water,steel,2,"torrent, competitive",530,1
396,starly,3,20,49,40,55,30,30,30,60,normal,flying,2,"keen-eye, reckless",245,0
397,staravia,6,155,119,55,75,50,40,40,80,normal,flying,2,"intimidate, reckless",340,0
398,staraptor,12,249,218,85,120,70,50,60,100,normal,flying,2,"intimidate, reckless",485,0
399,bidoof,5,200,50,59,45,40,35,40,31,normal,,3,"simple, unaware, moody",250,0
400,bibarel,10,315,144,79,85,60,55,60,71,normal,water,3,"simple, unaware, moody",410,0
401,kricketot,3,22,39,37,25,41,25,41,25,bug,,2,"shed-skin, run-away",194,0
402,kricketune,10,255,134,77,85,51,55,51,65,bug,,2,"swarm, technician",384,0
403,shinx,5,95,53,45,65,34,40,34,45,electric,,3,"rivalry, intimidate, guts",263,0
404,luxio,9,305,127,60,85,49,60,49,60,electric,,3,"rivalry, intimidate, guts",363,0
405,luxray,14,420,235,80,120,79,95,79,70,electric,,3,"rivalry, intimidate, guts",523,1
406,budew,2,12,56,40,30,35,50,70,55,grass,poison,3,"natural-cure, poison-point, leaf-guard",280,0
407,roserade,9,145,232,60,70,65,125,105,90,grass,poison,3,"natural-cure, poison-point, technician",515,1
408,cranidos,9,315,70,67,125,40,30,30,58,rock,,2,"mold-breaker, sheer-force",350,0
409,rampardos,16,1025,173,97,165,60,65,50,58,rock,,2,"mold-breaker, sheer-force",495,0
410,shieldon,5,570,70,30,42,118,42,88,30,rock,steel,2,"sturdy, soundproof",350,0
411,bastiodon,13,1495,173,60,52,168,47,138,30,rock,steel,2,"sturdy, soundproof",495,0
412,burmy,2,34,45,40,29,45,29,45,36,bug,,2,"shed-skin, overcoat",224,0
413,wormadam-plant,5,65,148,60,59,85,79,105,36,bug,grass,2,"anticipation, overcoat",424,0
414,mothim,9,233,148,70,94,50,94,50,66,bug,flying,2,"swarm, tinted-lens",424,0
415,combee,3,55,49,30,30,42,30,42,70,bug,flying,2,"honey-gather, hustle",244,0
416,vespiquen,12,385,166,70,80,102,80,102,40,bug,flying,2,"pressure, unnerve",474,0
417,pachirisu,4,39,142,60,45,70,45,90,95,electric,,3,"run-away, pickup, volt-absorb",405,0
418,buizel,7,295,66,55,65,35,60,30,85,water,,2,"swift-swim, water-veil",330,0
419,floatzel,11,335,173,85,105,55,85,50,115,water,,2,"swift-swim, water-veil",495,0
420,cherubi,4,33,55,45,35,45,62,53,35,grass,,1,chlorophyll,275,0
421,cherrim,5,93,158,70,60,70,87,78,85,grass,,1,flower-gift,450,0
422,shellos,3,63,65,76,48,48,57,62,34,water,,3,"sticky-hold, storm-drain, sand-force",325,0
423,gastrodon,9,299,166,111,83,68,92,82,39,water,ground,3,"sticky-hold, storm-drain, sand-force",475,0
424,ambipom,12,203,169,75,100,66,60,66,115,normal,,3,"technician, pickup, skill-link",482,0
425,drifloon,4,12,70,90,50,34,60,44,70,ghost,flying,3,"aftermath, unburden, flare-boost",348,0
426,drifblim,12,150,174,150,80,44,90,54,80,ghost,flying,3,"aftermath, unburden, flare-boost",498,0
427,buneary,4,55,70,55,66,44,44,56,85,normal,,3,"run-away, klutz, limber",350,0
428,lopunny,12,333,168,65,76,84,54,96,105,normal,,3,"cute-charm, klutz, limber",480,0
429,mismagius,9,44,173,60,60,60,105,105,105,ghost,,1,levitate,495,0
430,honchkrow,9,273,177,100,125,52,105,52,71,dark,flying,3,"insomnia, super-luck, moxie",505,1
431,glameow,5,39,62,49,55,42,42,37,85,normal,,3,"limber, own-tempo, keen-eye",310,0
432,purugly,10,438,158,71,82,64,64,59,112,normal,,3,"thick-fat, own-tempo, defiant",452,0
433,chingling,2,6,57,45,30,50,65,50,45,psychic,,1,levitate,285,0
434,stunky,4,192,66,63,63,47,41,41,74,poison,dark,3,"stench, aftermath, keen-eye",329,0
435,skuntank,10,380,168,103,93,67,71,61,84,poison,dark,3,"stench, aftermath, keen-eye",479,0
436,bronzor,5,605,60,57,24,86,24,86,23,steel,psychic,3,"levitate, heatproof, heavy-metal",300,0
437,bronzong,13,1870,175,67,89,116,79,116,33,steel,psychic,3,"levitate, heatproof, heavy-metal",500,1
438,bonsly,5,150,58,50,80,95,10,45,10,rock,,3,"sturdy, rock-head, rattled",290,0
439,mime-jr,6,130,62,20,25,45,70,90,60,psychic,fairy,3,"soundproof, filter, technician",310,0
440,happiny,6,244,110,100,5,5,15,65,30,normal,,3,"natural-cure, serene-grace, friend-guard",220,0
441,chatot,5,19,144,76,65,45,92,42,91,normal,flying,3,"keen-eye, tangled-feet, big-pecks",411,0
442,spiritomb,10,1080,170,50,92,108,92,108,35,ghost,dark,2,"pressure, infiltrator",485,0
443,gible,7,205,60,58,70,45,40,45,42,dragon,ground,2,"sand-veil, rough-skin",300,0
444,gabite,14,560,144,68,90,65,50,55,82,dragon,ground,2,"sand-veil, rough-skin",410,0
445,garchomp,19,950,270,108,130,95,80,85,102,dragon,ground,2,"sand-veil, rough-skin",600,1
446,munchlax,6,1050,78,135,85,40,40,85,5,normal,,3,"pickup, thick-fat, gluttony",390,0
447,riolu,7,202,57,40,70,40,35,40,60,fighting,,3,"steadfast, inner-focus, prankster",285,0
448,lucario,12,540,184,70,110,70,115,70,90,fighting,steel,3,"steadfast, inner-focus, justified",525,1
449,hippopotas,8,495,66,68,72,78,38,42,32,ground,,2,"sand-stream, sand-force",330,0
450,hippowdon,20,3000,184,108,112,118,68,72,47,ground,,2,"sand-stream, sand-force",525,1
451,skorupi,8,120,66,40,50,90,30,55,65,poison,bug,3,"battle-armor, sniper, keen-eye",330,0
452,drapion,13,615,175,70,90,110,60,75,95,poison,dark,3,"battle-armor, sniper, keen-eye",500,1
453,croagunk,7,230,60,48,61,40,61,40,50,poison,fighting,3,"anticipation, dry-skin, poison-touch",300,0
454,toxicroak,13,444,172,83,106,65,86,65,85,poison,fighting,3,"anticipation, dry-skin, poison-touch",490,0
455,carnivine,14,270,159,74,100,72,90,72,46,grass,,1,levitate,454,0
456,finneon,4,70,66,49,49,56,49,61,66,water,,3,"swift-swim, storm-drain, water-veil",330,0
457,lumineon,12,240,161,69,69,76,69,86,91,water,,3,"swift-swim, storm-drain, water-veil",460,0
458,mantyke,10,650,69,45,20,50,60,120,50,water,flying,3,"swift-swim, water-absorb, water-veil",345,0
459,snover,10,505,67,60,62,50,62,60,40,grass,ice,2,"snow-warning, soundproof",334,0
460,abomasnow,22,1355,173,90,92,75,92,85,60,grass,ice,2,"snow-warning, soundproof",494,0
461,weavile,11,340,179,70,120,65,45,85,125,dark,ice,2,"pressure, pickpocket",510,1
462,magnezone,12,1800,241,70,70,115,130,90,60,electric,steel,3,"magnet-pull, sturdy, analytic",535,1
463,lickilicky,17,1400,180,110,85,95,80,95,50,normal,,3,"own-tempo, oblivious, cloud-nine",515,1
464,rhyperior,24,2828,241,115,140,130,55,55,40,ground,rock,3,"lightning-rod, solid-rock, reckless",535,1
465,tangrowth,20,1286,187,100,100,125,110,50,50,grass,,3,"chlorophyll, leaf-guard, regenerator",535,1
466,electivire,18,1386,243,75,123,67,95,85,95,electric,,2,"motor-drive, vital-spirit",540,1
467,magmortar,16,680,243,75,95,67,125,95,83,fire,,2,"flame-body, vital-spirit",540,1
468,togekiss,15,380,245,85,50,95,120,115,80,fairy,flying,3,"hustle, serene-grace, super-luck",545,1
469,yanmega,19,515,180,86,76,86,116,56,95,bug,flying,3,"speed-boost, tinted-lens, frisk",515,1
470,leafeon,10,255,184,65,110,130,60,65,95,grass,,2,"leaf-guard, chlorophyll",525,1
471,glaceon,8,259,184,65,60,110,130,95,65,ice,,2,"snow-cloak, ice-body",525,1
472,gliscor,20,425,179,75,95,125,45,75,95,ground,flying,3,"hyper-cutter, sand-veil, poison-heal",510,1
473,mamoswine,25,2910,239,110,130,80,70,60,80,ice,ground,3,"oblivious, snow-cloak, thick-fat",530,1
474,porygon-z,9,340,241,85,80,70,135,75,90,normal,,3,"adaptability, download, analytic",535,1
475,gallade,16,520,233,68,125,65,65,115,80,psychic,fighting,3,"steadfast, sharpness, justified",518,1
476,probopass,14,3400,184,60,55,145,75,150,40,rock,steel,3,"sturdy, magnet-pull, sand-force",525,1
477,dusknoir,22,1066,236,45,100,135,65,135,45,ghost,,2,"pressure, frisk",525,1
478,froslass,13,266,168,70,80,70,80,70,110,ice,ghost,2,"snow-cloak, cursed-body",480,0
479,rotom,3,3,154,50,50,77,95,77,91,electric,ghost,1,levitate,440,0
480,uxie,3,3,261,75,75,130,75,130,95,psychic,,1,levitate,580,1
481,mesprit,3,3,261,80,105,105,105,105,80,psychic,,1,levitate,580,1
482,azelf,3,3,261,75,125,70,125,70,115,psychic,,1,levitate,580,1
483,dialga,54,6830,306,100,120,120,150,100,90,steel,dragon,2,"pressure, telepathy",680,1
484,palkia,42,3360,306,90,120,100,150,120,100,water,dragon,2,"pressure, telepathy",680,1
485,heatran,17,4300,270,91,90,106,130,106,77,fire,steel,2,"flash-fire, flame-body",600,1
486,regigigas,37,4200,302,110,160,110,80,110,100,normal,,1,slow-start,670,1
487,giratina-altered,45,7500,306,150,100,120,100,120,90,ghost,dragon,2,"pressure, telepathy",680,1
488,cresselia,15,856,270,120,70,110,75,120,85,psychic,,1,levitate,580,1
489,phione,4,31,216,80,80,80,80,80,80,water,,1,hydration,480,0
490,manaphy,3,14,270,100,100,100,100,100,100,water,,1,hydration,600,1
491,darkrai,15,505,270,70,90,90,135,90,125,dark,,1,bad-dreams,600,1
492,shaymin-land,2,21,270,100,100,100,100,100,100,grass,,1,natural-cure,600,1
493,arceus,32,3200,324,120,120,120,120,120,120,normal,,1,multitype,720,1
494,victini,4,40,270,100,100,100,100,100,100,psychic,fire,1,victory-star,600,1
495,snivy,6,81,62,45,45,55,45,55,63,grass,,2,"overgrow, contrary",308,0
496,servine,8,160,145,60,60,75,60,75,83,grass,,2,"overgrow, contrary",413,0
497,serperior,33,630,238,75,75,95,75,95,113,grass,,2,"overgrow, contrary",528,1
498,tepig,5,99,62,65,63,45,45,45,45,fire,,2,"blaze, thick-fat",308,0
499,pignite,10,555,146,90,93,55,70,55,55,fire,fighting,2,"blaze, thick-fat",418,0
500,emboar,16,1500,238,110,123,65,100,65,65,fire,fighting,2,"blaze, reckless",528,1